{"cameraMode":{"drawMode":0,"name":"Shaded","section":"Shading Mode"},"sceneLighting":true,"audioPlay":false,"sceneViewState":{"showFog":true,"showMaterialUpdate":false,"showSkybox":true,"showFlares":true,"showImageEffects":true,"showParticleSystems":true},"in2DMode":false,"pivot":{"x":25.90032958984375,"y":2.903564453125,"z":-5.658203125},"rotation":{"x":-0.0001646947202971205,"y":0.999717652797699,"z":-0.02280680276453495,"w":-0.007196919526904821},"size":12.56625747680664,"orthographic":true}